entry_id,pidgin_text,english_gloss,sentiment,emotion_category,emotion_secondary,register,sarcasm_flag,prosody_match,annotator_notes,topic_domain,speaker_gender,intensity,source_type,date_added,model_input,predicted_sentiment,sentiment_confidence
WZ-T-0005,You don try oh,You really did well,positive,joy,,casual,no,matched,Oh increases sincerity and warmth,social,neutral,2,original,2026-04-23,[EMOTION: joy] You don try oh,positive,0.9999
WZ-T-0006,You don try well well,You did extremely well — sincere,positive,celebration,,casual,no,matched,Intensifier doubles sincere praise,social,neutral,3,original,2026-04-23,[EMOTION: celebration] You don try well well,positive,0.9999
WZ-T-0007,You don try well well,You think you did well? — sarcastic,negative,sarcasm,,street,yes,contradicts,Speaker sensed prior deceit or failure — same phrase opposite meaning,social,neutral,3,original,2026-04-23,[EMOTION: sarcasm] You don try well well,negative,0.9998
WZ-T-0012,E don do,Stop it — breaking up a fight,negative,anger,,street,no,matched,Commanding someone to stop fighting or arguing,conflict,neutral,3,original,2026-04-23,[EMOTION: anger] E don do,negative,0.9999
WZ-T-0018,Heat wan kill me,This heat is absolutely unbearable,negative,hustle_fatigue,,street,no,matched,Peak dramatic expression,life,neutral,3,original,2026-04-23,[EMOTION: hustle_fatigue] Heat wan kill me,negative,0.9983
WZ-T-0022,You well at all?,Are you okay at all?,negative,anger,,casual,no,matched,Mild rebuke and disbelief,social,neutral,2,original,2026-04-23,[EMOTION: anger] You well at all?,negative,0.9999
WZ-T-0024,Wetin you mean?,What do you mean?,negative,suspicion,,casual,no,matched,Challenging someone's statement,social,neutral,2,original,2026-04-23,[EMOTION: suspicion] Wetin you mean?,negative,0.9924
WZ-T-0029,You never lock door oh,You still haven't locked the door,neutral,neutral,,casual,no,matched,Emotion escalates to anger depending on tone — see prosody,life,neutral,2,original,2026-04-23,[EMOTION: neutral] You never lock door oh,neutral,0.9999
WZ-T-0030,Ordinary water he no get,He doesn't even have basic water,negative,shock,betrayal,street,no,matched,Shock at complete unpreparedness — betrayal also present,social,neutral,3,original,2026-04-23,[EMOTION: shock] Ordinary water he no get,negative,0.9999
WZ-T-0032,You just dey come Lagos?,You clearly don't know Lagos — mockery,negative,sarcasm,,street,yes,contradicts,Mockery of naivety — speaker still in Lagos context,social,neutral,2,original,2026-04-23,[EMOTION: sarcasm] You just dey come Lagos?,negative,0.9998
WZ-T-0037,We move!,We're moving forward!,positive,celebration,,street,no,matched,Hype and motivation phrase,motivation,neutral,3,original,2026-04-23,[EMOTION: celebration] We move!,positive,0.9999
WZ-T-0039,No dulling we move,No slacking let's go,positive,celebration,,street,no,matched,Motivational push,motivation,neutral,3,original,2026-04-23,[EMOTION: celebration] No dulling we move,positive,0.9999
WZ-T-0040,E sweet me die,I enjoyed it so much,positive,joy,,street,no,matched,Intense enjoyment,emotion,neutral,2,original,2026-04-23,[EMOTION: joy] E sweet me die,positive,0.9999
WZ-T-0045,E be like say,It seems like — doubt,negative,suspicion,,casual,no,matched,Doubt version — speaker not convinced,social,neutral,2,original,2026-04-23,[EMOTION: suspicion] E be like say,negative,0.9985
WZ-T-0047,See your life,Look at the state of you,negative,neutral,,street,no,matched,Pure mockery — no affectionate version,social,neutral,2,original,2026-04-23,[EMOTION: neutral] See your life,neutral,0.9985
WZ-T-0049,Shine your eye,Be alert — warning of danger or deceit,negative,suspicion,,street,no,matched,Warning for deceitful cunning unpredictable or risky situations,social,neutral,2,original,2026-04-23,[EMOTION: suspicion] Shine your eye,negative,0.9559
WZ-T-0050,Shine your eye well well,Be very alert — strong warning,negative,suspicion,,street,no,matched,Intensified version — situation is seriously risky or dangerous,social,neutral,3,original,2026-04-23,[EMOTION: suspicion] Shine your eye well well,negative,0.9991
WZ-T-0052,Allawee don show,Allowance has arrived,positive,celebration,,casual,no,matched,Joy at receiving allowance,money,neutral,2,original,2026-04-23,[EMOTION: celebration] Allawee don show,positive,0.9999
WZ-T-0053,Salary don show,Salary has arrived,positive,celebration,,casual,no,matched,Joy at receiving salary,money,neutral,3,original,2026-04-23,[EMOTION: celebration] Salary don show,positive,0.9999
WZ-T-0057,Sapa,Poverty — I am broke,negative,hustle_fatigue,,street,no,matched,Standalone sapa — more intense — I AM the poverty,money,neutral,3,original,2026-04-23,[EMOTION: hustle_fatigue] Sapa,negative,0.9969
WZ-T-0059,Comot money for me now?,Give me a discount,neutral,market_energy,,casual,no,matched,Requesting discount — direct ask,money,neutral,1,original,2026-04-23,[EMOTION: market_energy] Comot money for me now?,neutral,0.9999
WZ-T-0060,No charge me oh,Don't give me an expensive price,negative,market_energy,,casual,no,matched,Requesting not to be overcharged — mild plea,money,neutral,1,original,2026-04-23,[EMOTION: market_energy] No charge me oh,negative,0.9999
WZ-T-0061,You too cost,You are too expensive,negative,market_energy,,street,no,matched,Frustration at high price of person or thing,money,neutral,2,original,2026-04-23,[EMOTION: market_energy] You too cost,negative,0.9999
WZ-T-0062,E cost oh,It's expensive,negative,market_energy,,casual,no,matched,General complaint about price,money,neutral,2,original,2026-04-23,[EMOTION: market_energy] E cost oh,negative,0.9998
WZ-T-0068,Credit alert dey hungry me,I really want to get a credit alert,negative,craving,,street,no,matched,Intense longing for money to land in account,money,neutral,3,original,2026-04-23,[EMOTION: craving] Credit alert dey hungry me,negative,0.9998
WZ-T-0069,I never get alert,I haven't received an alert yet,negative,craving,,casual,no,matched,Waiting anxiously for payment to arrive,money,neutral,2,original,2026-04-23,[EMOTION: craving] I never get alert,negative,0.9994
WZ-T-0070,You no go comot money for me?,Won't you give me a discount?,negative,suspicion,,casual,no,matched,Pleading with frustration — rhetorical discount request,money,neutral,2,original,2026-04-23,[EMOTION: suspicion] You no go comot money for me?,negative,0.9993
WZ-T-0073,Your price fit kill persin,Your price can kill someone,negative,market_energy,,street,no,matched,Rhetorical frustration at extremely high price,money,neutral,3,original,2026-04-23,[EMOTION: market_energy] Your price fit kill persin,negative,0.9996
WZ-T-0074,Persin no fit buy market from your hand oh?,Someone can't buy something from you oh,negative,market_energy,,street,no,matched,Rhetorical frustration — prices too high for anyone to afford,money,neutral,3,original,2026-04-23,[EMOTION: market_energy] Persin no fit buy market from your hand oh?,negative,0.9999
WZ-T-0075,No send me go village oh,Don't make me broke,negative,suspicion,,street,no,matched,Warning not to drain someone financially,money,neutral,2,original,2026-04-23,[EMOTION: suspicion] No send me go village oh,negative,0.996
WZ-T-0085,I no fit buy am that price,I can't buy it at that price,negative,market_energy,,casual,no,matched,Price negotiation — rejecting current price,money,neutral,2,original,2026-04-23,[EMOTION: market_energy] I no fit buy am that price,negative,0.9999
WZ-T-0090,Where my money dey?,Where is my money?,negative,anger,,casual,no,matched,Demanding owed money — escalated,money,neutral,3,original,2026-04-23,[EMOTION: anger] Where my money dey?,negative,0.9998
WZ-T-0091,E don enter my account,It has entered my account,positive,celebration,,casual,no,matched,Joy at money landing — alert received,money,neutral,3,original,2026-04-23,[EMOTION: celebration] E don enter my account,positive,0.9999
WZ-T-0092,Them block my account,They blocked my account,negative,shock,anger,casual,no,matched,Shock at account being frozen — common fintech pain,money,neutral,3,original,2026-04-23,[EMOTION: shock] Them block my account,negative,0.9998
WZ-T-0096,Make we price am,Let's negotiate the price,neutral,market_energy,,casual,no,matched,Opening price negotiation — very Lagos market,money,neutral,1,original,2026-04-23,[EMOTION: market_energy] Make we price am,neutral,0.9999
WZ-T-0097,Last price,What's your final price?,neutral,market_energy,,street,no,matched,Final negotiation push — buyer demanding best price,money,neutral,2,original,2026-04-23,[EMOTION: market_energy] Last price,neutral,0.9997
WZ-T-0100,My account don red,My account is overdrawn,negative,shock,hustle_fatigue,casual,no,matched,Account overdrawn or empty — visual metaphor,money,neutral,3,original,2026-04-23,[EMOTION: shock] My account don red,negative,0.9999
WZ-T-0101,My body dey hot,My body is hot — I have a fever,negative,neutral,,casual,no,matched,Physical symptom description — fever,health,neutral,2,original,2026-04-23,[EMOTION: neutral] My body dey hot,negative,0.9998
WZ-T-0102,I dey run temperature,I have a fever,negative,neutral,,casual,no,matched,Common Nigerian way of saying fever,health,neutral,2,original,2026-04-23,[EMOTION: neutral] I dey run temperature,negative,0.9999
WZ-T-0103,My head dey bang,My head is pounding,negative,neutral,,casual,no,matched,Headache description — bang as pain metaphor,health,neutral,2,original,2026-04-23,[EMOTION: neutral] My head dey bang,negative,0.9876
WZ-T-0107,Body just dey itch me since,My body has been itching,negative,neutral,,casual,no,matched,Persistent itching — since signals duration,health,neutral,2,original,2026-04-23,[EMOTION: neutral] Body just dey itch me since,negative,0.9999
WZ-T-0118,My pikin for belle dey move,My baby in my womb is moving,positive,joy,,casual,no,matched,Maternal health — baby movement in womb,health,female,2,original,2026-04-23,[EMOTION: joy] My pikin for belle dey move,positive,0.9999
WZ-T-0121,I wan die,I feel absolutely terrible — dramatic illness,negative,hustle_fatigue,,casual,no,matched,Dramatic illness expression — not literal — intensity reflects physical misery,health,neutral,3,original,2026-04-23,[EMOTION: hustle_fatigue] I wan die,negative,0.9981
WZ-T-0122,I wan faint,I feel dizzy and about to faint,negative,neutral,,casual,no,matched,Physical drowsiness and dizziness — not dramatic,health,neutral,3,original,2026-04-23,[EMOTION: neutral] I wan faint,negative,0.9999
WZ-T-0124,I like you die,I like you so much,positive,joy,,casual,no,matched,Intense affection — die as intensifier,relationship,neutral,2,original,2026-04-24,[EMOTION: joy] I like you die,positive,0.9999
WZ-T-0125,You dey do me somehow,You're behaving strangely toward me,negative,suspicion,,casual,no,matched,Feeling someone is acting differently or hiding something,relationship,neutral,2,original,2026-04-24,[EMOTION: suspicion] You dey do me somehow,negative,0.9996
WZ-T-0126,I miss you die,I miss you so much,positive,craving,,casual,no,matched,Intense longing for someone absent,relationship,neutral,3,original,2026-04-24,[EMOTION: craving] I miss you die,positive,0.9984
WZ-T-0128,Gist me,Tell me the gossip,positive,joy,,casual,no,matched,Requesting gossip or news excitedly,social,neutral,2,original,2026-04-24,[EMOTION: joy] Gist me,positive,0.9999
WZ-T-0129,Who tell you?,Who told you?,negative,suspicion,anger,casual,no,matched,Challenging how someone got information,social,neutral,2,original,2026-04-24,[EMOTION: suspicion] Who tell you?,negative,0.9958
WZ-T-0132,You too sabi,You know alot/ you know very well,positive,neutral,,street,no,matched,Calling out someone who knows something well,social,neutral,2,original,2026-04-24,[EMOTION: neutral] You too sabi,positive,0.9999
WZ-T-0134,I no send,I don't care,negative,forming,,street,no,matched,Complete indifference — deliberate unbothered energy,social,neutral,2,original,2026-04-24,[EMOTION: forming] I no send,negative,0.9999
WZ-T-0135,You don do am,You've done it — impressed,positive,celebration,,casual,no,matched,Impressed acknowledgement of achievement,social,neutral,2,original,2026-04-24,[EMOTION: celebration] You don do am,positive,0.9999
WZ-T-0136,E don do am,He/she has done it,positive,celebration,,casual,no,matched,Third person achievement acknowledgement,social,neutral,2,original,2026-04-24,[EMOTION: celebration] E don do am,positive,0.9999
WZ-T-0137,Who you epp?,who cares about you? — dismissal,negative,forming,,street,yes,matched,Rhetorical — implying someone's actions are useless,social,neutral,3,original,2026-04-24,[EMOTION: forming] Who you epp?,negative,0.902
WZ-T-0138,You too like follow follow,You follow others too easily,negative,suspicion,,casual,no,matched,Criticising someone who copies others,social,neutral,2,original,2026-04-24,[EMOTION: suspicion] You too like follow follow,negative,0.999
WZ-T-0144,You do me strong thing,You did something serious to me,negative,betrayal,,casual,no,matched,Feeling seriously wronged by someone,relationship,neutral,3,original,2026-04-24,[EMOTION: betrayal] You do me strong thing,negative,0.9999
WZ-T-0145,We go see,We will meet — threat or promise,neutral,suspicion,,street,no,matched,Ambiguous — can be threat or general promise depending on tone,social,neutral,2,original,2026-04-24,[EMOTION: suspicion] We go see,neutral,0.9987
WZ-T-0146,E be your mate?,Is he/she your equal?,negative,pride,,street,no,matched,Dismissing someone as beneath you,social,neutral,3,original,2026-04-24,[EMOTION: pride] E be your mate?,negative,0.9994
WZ-T-0147,You and who?,You and who exactly? — challenge,negative,anger,,street,no,matched,Challenging someone who is being confrontational,conflict,neutral,3,original,2026-04-24,[EMOTION: anger] You and who?,negative,0.9998
WZ-T-0148,You wan do am?,Do you want to do it? — confrontational,negative,anger,,street,no,matched,Aggressive challenge — are you sure you want this confrontation,conflict,neutral,3,original,2026-04-24,[EMOTION: anger] You wan do am?,negative,0.9998
WZ-T-0153,I don tire,I am exhausted,negative,hustle_fatigue,,casual,no,matched,Complete exhaustion,work,neutral,3,original,2026-04-24,[EMOTION: hustle_fatigue] I don tire,negative,0.9987
WZ-T-0154,When e go better?,When will things improve?,negative,craving,,casual,no,matched,Longing for better circumstances,work,neutral,2,original,2026-04-24,[EMOTION: craving] When e go better?,negative,0.9999
WZ-T-0156,I go make am,I will make it,positive,pride,,casual,no,matched,Determination and self-belief,work,neutral,3,original,2026-04-24,[EMOTION: pride] I go make am,positive,0.9999
WZ-T-0158,E don pay,It has paid off,positive,celebration,,casual,no,matched,Work or effort has yielded results,work,neutral,3,original,2026-04-24,[EMOTION: celebration] E don pay,positive,0.9999
WZ-T-0163,Nobody go stop me,Nobody will stop me,positive,pride,,street,no,matched,Fierce determination,work,neutral,3,original,2026-04-24,[EMOTION: pride] Nobody go stop me,positive,0.9999
WZ-T-0164,They no want make we shine,They don't want us to succeed,negative,betrayal,suspicion,street,no,matched,Feeling of systemic opposition,work,neutral,3,original,2026-04-24,[EMOTION: betrayal] They no want make we shine,negative,0.9999
WZ-T-0165,I go show them,I will prove them wrong,positive,pride,,street,no,matched,Motivation from opposition,work,neutral,3,original,2026-04-24,[EMOTION: pride] I go show them,positive,0.9999
WZ-T-0166,E don reach my turn,It is now my turn,positive,celebration,,casual,no,matched,Sense of deserved breakthrough arriving,work,neutral,3,original,2026-04-24,[EMOTION: celebration] E don reach my turn,positive,0.9999
WZ-T-0167,I no come this far to fail,I did not come this far to fail,positive,pride,hustle_fatigue,street,no,matched,Resilience under pressure,work,neutral,3,original,2026-04-24,[EMOTION: pride] I no come this far to fail,positive,0.9994
WZ-T-0171,Lagos no dey carry last,Lagos never comes last,positive,pride,,street,no,matched,Lagos pride and competitive spirit,social,neutral,3,original,2026-04-24,[EMOTION: pride] Lagos no dey carry last,positive,0.9972
WZ-T-0172,E don cast,It has been exposed/ruined,negative,shock,betrayal,street,no,matched,Something embarrassing has been revealed,social,neutral,3,original,2026-04-24,[EMOTION: shock] E don cast,negative,0.9999
WZ-T-0173,I don blow,I have made it in life,positive,celebration,pride,street,no,matched,Breakthrough achievement — made it big,work,neutral,3,original,2026-04-24,[EMOTION: celebration] I don blow,positive,0.9999
WZ-T-0175,The food don ready,The food is ready,positive,joy,,casual,no,matched,Announcing meal is prepared,food,neutral,2,original,2026-04-24,[EMOTION: joy] The food don ready,positive,0.9999
WZ-T-0176,This food sweet die,This food is delicious,positive,joy,,casual,no,matched,Intense food enjoyment,food,neutral,3,original,2026-04-24,[EMOTION: joy] This food sweet die,positive,0.9999
WZ-T-0179,I dey hungry die,I am extremely hungry,negative,craving,,casual,no,matched,Intense hunger,food,neutral,3,original,2026-04-24,[EMOTION: craving] I dey hungry die,negative,0.9997
WZ-T-0183,You wan fight?,Do you want to fight?,negative,anger,,street,no,matched,Direct confrontation challenge,conflict,neutral,3,original,2026-04-24,[EMOTION: anger] You wan fight?,negative,0.9999
WZ-T-0184,Try am,Try it — dare,negative,anger,,street,no,matched,Daring someone to act — aggressive warning,conflict,neutral,3,original,2026-04-24,[EMOTION: anger] Try am,negative,0.9998
WZ-T-0185,You dey craze?,Are you crazy?,negative,anger,shock,street,no,matched,Disbelief at someone's behavior,conflict,neutral,3,original,2026-04-24,[EMOTION: anger] You dey craze?,negative,0.9999
WZ-T-0187,You go hear am,You will see the negative effect,negative,anger,suspicion,street,no,matched,Implicit threat — you will face consequences,conflict,neutral,3,original,2026-04-24,[EMOTION: anger] You go hear am,negative,0.9999
WZ-T-0199,You gats wise up,You need to wise up,neutral,neutral,,street,no,matched,Firm advice — warning someone to be more alert and streetwise — cautionary not angry,social,neutral,2,original,2026-04-24,[EMOTION: neutral] You gats wise up,neutral,0.9998
WZ-T-0202,You never see thank you na em you dey find very much,You have not seen basic gratitude yet you want more,negative,forming,,casual,yes,matched,Sarcasm about ingratitude — someone ungrateful expecting more,social,neutral,3,original,2026-04-27,[EMOTION: forming] You never see thank you na em you dey find very much,negative,0.9999
WZ-T-0203,You go hear am,You will face consequences,negative,anger,,street,yes,matched,Implicit threat said casually but means serious consequence coming,conflict,neutral,3,original,2026-04-27,[EMOTION: anger] You go hear am,negative,0.9999
WZ-T-0204,Feel at home feel at home na so visitor take dey spoil television,Make yourself at home is how visitors end up ruining things,negative,sarcasm,,proverbial,yes,matched,Proverbial sarcasm about guests overstepping boundaries,social,neutral,2,original,2026-04-27,[EMOTION: sarcasm] Feel at home feel at home na so visitor take dey spoil television,negative,0.9999
WZ-T-0205,No cut people off when your account balance no reach to buy knife,Do not act big when you are broke,negative,sarcasm,,proverbial,yes,matched,Proverbial sarcasm targeting financial pretension,money,neutral,3,original,2026-04-27,[EMOTION: sarcasm] No cut people off when your account balance no reach to buy knife,negative,0.9999
WZ-T-0206,Today newspaper na tomorrow suya wrap,Today fame is temporary,negative,sarcasm,,proverbial,yes,matched,Sarcastic take on hype and temporary relevance,social,neutral,2,original,2026-04-27,[EMOTION: sarcasm] Today newspaper na tomorrow suya wrap,negative,0.9998
WZ-T-0207,Cow wey dey hurry to go America go come back as corn beef,Rushing into bad decisions has consequences,negative,sarcasm,,proverbial,yes,matched,Proverbial warning against rushing — sarcastic delivery,life,neutral,3,original,2026-04-27,[EMOTION: sarcasm] Cow wey dey hurry to go America go come back as corn beef,negative,0.9999
WZ-T-0208,Person wey dey sleep with itchy anus de wake up with smelly fingers,Actions have consequences you cannot avoid,negative,sarcasm,,proverbial,yes,matched,Proverbial sarcastic warning about inevitable consequences,life,neutral,3,original,2026-04-27,[EMOTION: sarcasm] Person wey dey sleep with itchy anus de wake up with smelly fingers,negative,0.9999
WZ-T-0209,You go dey trust man,This is what you get for trusting a man,negative,betrayal,,street,no,matched,Betrayal by a man — warning against male trust,relationship,neutral,3,original,2026-04-27,[EMOTION: betrayal] You go dey trust man,negative,0.9999
WZ-T-0210,You go dey trust Adam,This is what trusting a man gets you,negative,betrayal,,street,no,matched,Adam as symbolic reference for all men — deeper betrayal register,relationship,neutral,3,original,2026-04-27,[EMOTION: betrayal] You go dey trust Adam,negative,0.9999
WZ-T-0211,You go dey trust woman,This is what you get for trusting a woman,negative,betrayal,,street,no,matched,Betrayal by a woman,relationship,neutral,3,original,2026-04-27,[EMOTION: betrayal] You go dey trust woman,negative,0.9999
WZ-T-0212,You go dey trust Eve,This is what trusting a woman gets you,negative,betrayal,,street,no,matched,Eve as symbolic reference for all women — deeper betrayal register,relationship,neutral,3,original,2026-04-27,[EMOTION: betrayal] You go dey trust Eve,negative,0.9999
WZ-T-0213,Na my person do me this thing,My own trusted person did this to me,negative,betrayal,,casual,no,matched,Betrayal from someone close — my person signals trusted inner circle,relationship,neutral,3,original,2026-04-27,[EMOTION: betrayal] Na my person do me this thing,negative,0.9999
WZ-T-0214,I trust am with my life,I trusted them completely and was betrayed,negative,betrayal,,casual,no,matched,Past tense implies trust was broken — deep betrayal,relationship,neutral,3,original,2026-04-27,[EMOTION: betrayal] I trust am with my life,negative,0.9999
WZ-T-0215,Snake dey inside grass,Danger hides among trusted people,negative,betrayal,suspicion,proverbial,no,matched,Proverbial warning about hidden enemies in trusted circles,social,neutral,3,original,2026-04-27,[EMOTION: betrayal] Snake dey inside grass,negative,0.9999
WZ-T-0216,Na who dey near you go wound you,Those closest to you will hurt you,negative,betrayal,,proverbial,no,matched,Proverbial — betrayal comes from close relationships not strangers,relationship,neutral,3,original,2026-04-27,[EMOTION: betrayal] Na who dey near you go wound you,negative,0.9999
WZ-T-0217,I dey carry belle,I am pregnant,positive,joy,,casual,no,matched,Announcing pregnancy — belly carrying metaphor,health,female,2,original,2026-05-05,[EMOTION: joy] I dey carry belle,positive,0.9999
WZ-T-0218,My belle don show,My pregnancy is showing now,positive,joy,,casual,no,matched,Pregnancy becoming visible — social announcement register,health,female,2,original,2026-05-05,[EMOTION: joy] My belle don show,positive,0.9999
WZ-T-0219,I dey feel nausea since morning,I have been feeling nauseous since morning,negative,neutral,,casual,no,matched,Morning sickness description — very common maternal complaint,health,female,2,original,2026-05-05,[EMOTION: neutral] I dey feel nausea since morning,negative,0.9999
WZ-T-0222,Midwife tell me say pikin dey head down,The midwife told me the baby is in head-down position,positive,joy,prayer_gratitude,casual,no,matched,Positive positioning news from midwife — relief and gratitude,health,female,2,original,2026-05-05,[EMOTION: joy] Midwife tell me say pikin dey head down,positive,0.9999
WZ-T-0224,I don born oh,I have given birth,positive,celebration,prayer_gratitude,casual,no,matched,Birth announcement — overwhelming joy and relief,health,female,3,original,2026-05-05,[EMOTION: celebration] I don born oh,positive,0.9999
WZ-T-0229,Nobody tell me say after birth go hard like this,Nobody told me postpartum would be this difficult,negative,betrayal,hustle_fatigue,casual,no,matched,Postpartum shock — feeling unwarned and overwhelmed,health,female,3,original,2026-05-05,[EMOTION: betrayal] Nobody tell me say after birth go hard like this,negative,0.9999
WZ-T-0231,Cramp dey wound me,Cramps are killing me,negative,neutral,,casual,no,matched,Period cramp pain — very common female health complaint,health,female,3,original,2026-05-05,[EMOTION: neutral] Cramp dey wound me,negative,0.9999
WZ-T-0233,I never see my period this month,I haven't seen my period this month,negative,suspicion,,casual,no,matched,Missed period — anxiety and uncertainty,health,female,2,original,2026-05-05,[EMOTION: suspicion] I never see my period this month,negative,0.9995
WZ-T-0242,I need make somebody hold me,I need someone to hold me,negative,craving,,casual,no,matched,Craving physical comfort and support — vulnerable emotional state,health,female,3,original,2026-05-05,[EMOTION: craving] I need make somebody hold me,negative,0.9999
WZ-T-0243,I don dey feel am since after I lost am,I have been feeling it since after I lost the pregnancy,negative,betrayal,hustle_fatigue,casual,no,matched,Grief after miscarriage — deeply personal loss register,health,female,3,original,2026-05-05,[EMOTION: betrayal] I don dey feel am since after I lost am,negative,0.9999
WZ-T-0244,My mama health no dey fine since last month,My mother's health has not been good since last month,negative,neutral,hustle_fatigue,casual,no,matched,Caring for sick parent — daughter as caregiver,health,female,2,original,2026-05-05,[EMOTION: neutral] My mama health no dey fine since last month,negative,0.9998
WZ-T-0256,Doctor say my fibroid don grow,The doctor said my fibroid has grown,negative,shock,hustle_fatigue,casual,no,matched,Shock at fibroid growth news from doctor,health,female,3,original,2026-05-05,[EMOTION: shock] Doctor say my fibroid don grow,negative,0.9996
WZ-T-0258,I don do the test — result dey negative,I have done the test — the result is negative,positive,joy,prayer_gratitude,casual,no,matched,Negative test result — relief and gratitude,health,female,2,original,2026-05-05,[EMOTION: joy] I don do the test — result dey negative,positive,0.9999
WZ-T-0265,This man dey take me for granted,This man takes me for granted,negative,anger,betrayal,casual,no,matched,Feeling undervalued in relationship — direct statement,relationship,female,3,original,2026-05-05,[EMOTION: anger] This man dey take me for granted,negative,0.9999
WZ-T-0267,He say e love me but action no show,He says he loves me but his actions don't show it,negative,betrayal,suspicion,casual,no,matched,Gap between words and actions — female relationship frustration,relationship,female,3,original,2026-05-05,[EMOTION: betrayal] He say e love me but action no show,negative,0.9999
WZ-T-0268,I just want make somebody appreciate me,I just want someone to appreciate me,negative,craving,,casual,no,matched,Longing for appreciation — emotional vulnerability,relationship,female,2,original,2026-05-05,[EMOTION: craving] I just want make somebody appreciate me,negative,0.9995
WZ-T-0272,My heart dey for am but my head say no,My heart is with him but my head says no,negative,hustle_fatigue,suspicion,casual,no,matched,Heart vs head conflict — classic female romantic dilemma,relationship,female,3,original,2026-05-05,[EMOTION: hustle_fatigue] My heart dey for am but my head say no,negative,0.9994
WZ-T-0273,He bring me flower today after everything wey e do,He brought me flowers today after everything he did,neutral,contempt,,casual,no,matched,Sarcasm — gesture too small for offense committed,relationship,female,2,original,2026-05-05,[EMOTION: contempt] He bring me flower today after everything wey e do,neutral,0.9999
WZ-T-0274,We don talk am settle,We have talked and settled it,positive,joy,,casual,no,matched,Reconciliation after conflict — relief,relationship,female,2,original,2026-05-05,[EMOTION: joy] We don talk am settle,positive,0.9999
WZ-T-0276,God answer my prayer oh,God answered my prayer,positive,prayer_gratitude,,casual,no,matched,Testimony of answered prayer — female faith register,faith,female,3,original,2026-05-05,[EMOTION: prayer_gratitude] God answer my prayer oh,positive,0.9999
WZ-T-0277,I been dey pray for this for long,I have been praying for this for a long time,positive,prayer_gratitude,joy,casual,no,matched,Long-awaited prayer answered — deep gratitude,faith,female,3,original,2026-05-05,[EMOTION: prayer_gratitude] I been dey pray for this for long,positive,0.9996
WZ-T-0280,God see wetin dem do me,God sees what they did to me,negative,prayer_gratitude,betrayal,casual,no,matched,Appealing to God as witness after being wronged,faith,female,3,original,2026-05-05,[EMOTION: prayer_gratitude] God see wetin dem do me,negative,0.9831
WZ-T-0281,My God no go fail me,My God will not fail me,positive,prayer_gratitude,,casual,no,matched,Faith affirmation under pressure — strong conviction,faith,female,3,original,2026-05-05,[EMOTION: prayer_gratitude] My God no go fail me,positive,0.9999
WZ-T-0282,E be God wey do am,It is God who did it,positive,prayer_gratitude,celebration,casual,no,matched,Attributing breakthrough to God — testimony register,faith,female,3,original,2026-05-05,[EMOTION: prayer_gratitude] E be God wey do am,positive,0.9988
WZ-T-0287,I no get time for fake friends,I don't have time for fake friends,negative,forming,,street,no,matched,Rejecting fake friendships — boundary statement,social,female,2,original,2026-05-05,[EMOTION: forming] I no get time for fake friends,negative,0.9998
WZ-T-0288,My girls we move together,My girls we go together,positive,celebration,,street,no,matched,Female solidarity and group loyalty — hype energy,social,female,3,original,2026-05-05,[EMOTION: celebration] My girls we move together,positive,0.9999
WZ-T-0289,She carry my matter go tell everybody,She took my matter and told everybody,negative,betrayal,anger,casual,no,matched,Betrayal of confidence — gossip betrayal,social,female,3,original,2026-05-05,[EMOTION: betrayal] She carry my matter go tell everybody,negative,0.9999
WZ-T-0291,See as she come dress,Look at how she came dressed,negative,neutral,,street,no,matched,Commenting on someone's appearance — social judgment,social,female,2,original,2026-05-05,[EMOTION: neutral] See as she come dress,negative,0.9996
WZ-T-0292,She too dey form she no dey collect advice,She is too proud to take advice,negative,forming,anger,casual,no,matched,Calling out pride that blocks growth,social,female,2,original,2026-05-05,[EMOTION: forming] She too dey form she no dey collect advice,negative,0.9995
WZ-T-0297,They no take woman serious for this office,They do not take women seriously in this office,negative,anger,betrayal,casual,no,matched,Gender discrimination at workplace — direct observation,work,female,3,original,2026-05-05,[EMOTION: anger] They no take woman serious for this office,negative,0.9999
WZ-T-0298,I get am because I work for am not because of man,I got it because I worked for it not because of a man,positive,pride,,street,no,matched,Asserting independent achievement — rejecting patronage narrative,work,female,3,original,2026-05-05,[EMOTION: pride] I get am because I work for am not because of man,positive,0.9999
WZ-T-0299,I dey balance work and pikin and e no easy,I am balancing work and child and it is not easy,negative,hustle_fatigue,,casual,no,matched,Working mother burden — double shift reality,work,female,3,original,2026-05-05,[EMOTION: hustle_fatigue] I dey balance work and pikin and e no easy,negative,0.9989
WZ-T-0301,I build this thing myself from nothing,I built this thing myself from nothing,positive,pride,celebration,street,no,matched,Female founder pride — self-made achievement,work,female,3,original,2026-05-05,[EMOTION: pride] I build this thing myself from nothing,positive,0.9998
WZ-T-0302,Nobody go give you anything you go take am,Nobody will give you anything you have to take it,positive,pride,hustle_fatigue,street,no,matched,Female hustle philosophy — take what is yours,work,female,3,original,2026-05-05,[EMOTION: pride] Nobody go give you anything you go take am,positive,0.9999
WZ-T-0304,My time go come and dem go know my name,My time will come and they will know my name,positive,pride,craving,street,no,matched,Female ambition and patience — determination under invisibility,work,female,3,original,2026-05-05,[EMOTION: pride] My time go come and dem go know my name,positive,0.9999
WZ-T-0305,I dey carry too much for my chest,I am carrying too much in my chest — emotional burden,negative,hustle_fatigue,,casual,no,matched,Emotional weight stored internally — female burden register,emotion,female,3,original,2026-05-05,[EMOTION: hustle_fatigue] I dey carry too much for my chest,negative,0.9984
WZ-T-0307,I dey smile for outside but inside different,I carry a smile on the outside but inside is different,negative,hustle_fatigue,hustle_fatigue,casual,no,matched,Masking pain — public smile private suffering,emotion,female,3,original,2026-05-05,[EMOTION: hustle_fatigue] I dey smile for outside but inside different,negative,0.9945
WZ-T-0309,I dey happy for real this time,I am genuinely happy this time,positive,joy,,casual,no,matched,Distinguishing real happiness from performed — authentic joy,emotion,female,2,original,2026-05-05,[EMOTION: joy] I dey happy for real this time,positive,0.9999
WZ-T-0310,I cook am with love,I cooked it with love,positive,joy,,casual,no,matched,Pride in cooking with care — female domestic warmth,food,female,2,original,2026-05-05,[EMOTION: joy] I cook am with love,positive,0.9999
WZ-T-0315,Life dey stress me but I no go give up,Life is stressing me but I will not give up,negative,hustle_fatigue,pride,casual,no,matched,Resilience statement under pressure — female determination,life,female,3,original,2026-05-05,[EMOTION: hustle_fatigue] Life dey stress me but I no go give up,negative,0.9994
WZ-T-0317,I don come far from where I start,I have come far from where I started,positive,pride,celebration,casual,no,matched,Reflecting on personal progress — quiet female pride,life,female,3,original,2026-05-05,[EMOTION: pride] I don come far from where I start,positive,0.9999
WZ-T-0321,I just dey testify,I am just testifying — giving testimony,positive,prayer_gratitude,celebration,casual,no,matched,Testimony register — sharing God's goodness publicly,faith,female,3,original,2026-05-05,[EMOTION: prayer_gratitude] I just dey testify,positive,0.9999
WZ-T-0322,God wey do am before go do am again,The God who did it before will do it again,positive,prayer_gratitude,pride,casual,no,matched,Faith declaration based on past testimony — forward-looking,faith,female,3,original,2026-05-05,[EMOTION: prayer_gratitude] God wey do am before go do am again,positive,0.9999
WZ-T-0324,Everything wey I ask God for don come,Everything I asked God for has come,positive,prayer_gratitude,celebration,casual,no,matched,Complete fulfillment of prayer — overflow of gratitude,faith,female,3,original,2026-05-05,[EMOTION: prayer_gratitude] Everything wey I ask God for don come,positive,0.9999
WZ-T-0327,Na God carry me reach here,It is God who brought me this far,positive,prayer_gratitude,pride,casual,no,matched,Attributing journey to divine guidance — testimony register,faith,female,3,original,2026-05-05,[EMOTION: prayer_gratitude] Na God carry me reach here,positive,0.9998
WZ-T-0332,I dey crave peace,I am craving peace,negative,craving,hustle_fatigue,casual,no,matched,Craving calm after sustained chaos — female burnout register,emotion,female,2,original,2026-05-05,[EMOTION: craving] I dey crave peace,negative,0.999
WZ-T-0333,I wan my own house bad bad,I really want my own house badly,negative,craving,hustle_fatigue,casual,no,matched,Housing craving — material stability desire very common Nigerian female aspiration,life,female,3,original,2026-05-05,[EMOTION: craving] I wan my own house bad bad,positive,0.9992
WZ-T-0334,I dey crave better,I am yearning for better,negative,craving,hustle_fatigue,casual,no,matched,General craving for improvement — aspirational restlessness,life,female,2,original,2026-05-05,[EMOTION: craving] I dey crave better,negative,0.9994
WZ-T-0337,This price no make sense abeg,This price doesn't make sense please,negative,market_energy,,casual,no,matched,Price frustration — female market negotiation register,money,female,2,original,2026-05-05,[EMOTION: market_energy] This price no make sense abeg,negative,0.9999
WZ-T-0338,How you take calculate this one?,How did you calculate this one?,negative,market_energy,suspicion,casual,no,matched,Challenging a price with rhetorical suspicion — Lagos market female,money,female,2,original,2026-05-05,[EMOTION: market_energy] How you take calculate this one?,neutral,0.9996
WZ-T-0340,You no dey fear God with this price?,Do you not fear God with this price?,negative,sarcasm,market_energy,street,yes,matched,Sarcastic moral appeal in market negotiation — very Nigerian female register,money,female,3,original,2026-05-05,[EMOTION: sarcasm] You no dey fear God with this price?,negative,0.9998
WZ-T-0341,I dey buy from you every time and you still dey charge me full price?,I buy from you every time and you still charge me full price?,negative,market_energy,anger,casual,no,matched,Loyalty not being rewarded — female market complaint,money,female,2,original,2026-05-05,[EMOTION: market_energy] I dey buy from you every time and you still dey charge me full price?,negative,0.9999
WZ-T-0342,Last price I give you na last price,The last price I gave you is the last price,negative,market_energy,pride,street,no,matched,Firm final offer — female seller holding her price,money,female,2,original,2026-05-05,[EMOTION: market_energy] Last price I give you na last price,negative,0.9999
WZ-T-0344,I no send you,I don't care about you — dismissal,negative,forming,,street,no,matched,Cold dismissal — female conflict register,conflict,female,2,original,2026-05-05,[EMOTION: forming] I no send you,negative,0.9999
WZ-T-0345,Try me and see,Try me and see what happens,negative,anger,pride,street,no,matched,Warning dare — female asserting she will respond,conflict,female,3,original,2026-05-05,[EMOTION: anger] Try me and see,negative,0.9998
WZ-T-0349,I go collect wetin belong to me,I will collect what belongs to me,negative,anger,pride,street,no,matched,Asserting right to what is hers — female self-advocacy,conflict,female,3,original,2026-05-05,[EMOTION: anger] I go collect wetin belong to me,negative,0.9999
WZ-T-0352,Nobody go silence me,Nobody will silence me,positive,pride,,street,no,matched,Female defiance of silencing — strong self-assertion,motivation,female,3,original,2026-05-05,[EMOTION: pride] Nobody go silence me,positive,0.9999
WZ-T-0355,oya dey watch me,Watch me — I will prove it,positive,pride,,street,no,matched,Challenge acceptance — two words carrying full female defiance,motivation,female,3,original,2026-05-05,[EMOTION: pride] oya dey watch me,positive,0.9999
WZ-T-0356,I carry myself reach here,I carried myself here — self-made,positive,pride,celebration,street,no,matched,Self-made declaration — no help narrative,motivation,female,3,original,2026-05-05,[EMOTION: pride] I carry myself reach here,positive,0.9999
WZ-T-0360,Ah you too try,Oh you really tried — sarcastic disbelief,negative,forming,,street,yes,matched,"Sarcastic acknowledgement — opposite of genuine praise, implies failure",social,female,2,original,2026-05-05,[EMOTION: forming] Ah you too try,negative,0.9997
WZ-T-0361,Oh so na me you wan impress,Oh so it's me you want to impress — not buying it,negative,sarcasm,,street,yes,matched,Sarcastic calling out of performative behavior directed at her,social,female,2,original,2026-05-05,[EMOTION: sarcasm] Oh so na me you wan impress,negative,0.9999
WZ-T-0364,You don do well well — same phrase different meaning,You did very well — sarcastic version implying failure,negative,sarcasm,,street,yes,contradicts,Female sarcastic use of praise phrase to mean opposite — mirrors WZ-T-0007 in female register,social,female,3,original,2026-05-05,[EMOTION: sarcasm] You don do well well — same phrase different meaning,negative,0.9999
WZ-T-0371,You do well,You did well — sarcastic disbelief at poor result,negative,sarcasm,,street,yes,contradicts,Same phrase sarcastic — speaker knows the result was actually bad,work,neutral,2,original,2026-05-05,[EMOTION: sarcasm] You do well,negative,0.9999
WZ-T-0373,You come early today oh,"You came early today — sarcastic, speaker arrived very late",negative,sarcasm,anger,street,yes,matched,Classic Lagos sarcasm for extreme lateness — said with a straight face,social,neutral,2,original,2026-05-05,[EMOTION: sarcasm] You come early today oh,negative,0.9999
WZ-T-0375,You wan teach me how to save money?,"You want to teach me how to save money? — sarcastic, speaker is richer",negative,forming,suspicion,street,yes,matched,Sarcasm at being given financial advice by someone worse off,money,neutral,3,original,2026-05-05,[EMOTION: forming] You wan teach me how to save money?,negative,0.9053
WZ-T-0377,This soup sweet oh,"This soup is delicious — sarcastic, it is clearly terrible",negative,sarcasm,,street,yes,matched,Sarcastic praise of bad food — deadpan delivery,food,neutral,2,original,2026-05-05,[EMOTION: sarcasm] This soup sweet oh,negative,0.9999
WZ-T-0379,Thank you for the advice,"Thank you for the advice — sarcastic, advice was useless or unsolicited",negative,sarcasm,anger,street,yes,contradicts,Sarcastic thanks for unwanted or unhelpful advice,social,neutral,2,original,2026-05-05,[EMOTION: sarcasm] Thank you for the advice,negative,0.9997
WZ-T-0381,You dey grind,"You are working hard — sarcastic, person is clearly doing nothing",negative,sarcasm,,street,yes,matched,Sarcasm at laziness — person is obviously not working,work,neutral,2,original,2026-05-05,[EMOTION: sarcasm] You dey grind,negative,0.9999
WZ-T-0383,You never late oh,"You are never late — extreme sarcasm, person is always late",negative,sarcasm,anger,street,yes,contradicts,Peak Nigerian sarcasm — said to someone who is chronically late,social,female,3,original,2026-05-05,[EMOTION: sarcasm] You never late oh,negative,0.9999
WZ-T-0385,You dress fine today oh,"You dressed well today — sarcastic, outfit is clearly a mess",negative,sarcasm,,street,yes,matched,Sarcastic fashion compliment — outfit is objectively bad,social,neutral,2,original,2026-05-05,[EMOTION: sarcasm] You dress fine today oh,negative,0.9999
WZ-T-0389,You sabi the work,"You know the work — sarcastic, person clearly does not",negative,sarcasm,suspicion,street,yes,matched,Sarcasm at incompetence — person has just made a clear mistake,work,neutral,2,original,2026-05-05,[EMOTION: sarcasm] You sabi the work,negative,0.9998
WZ-T-0393,You get patience oh,"You have patience — sarcastic, speaker is extremely impatient",negative,sarcasm,anger,street,yes,contradicts,Sarcasm said to someone who is obviously impatient and agitated,social,neutral,2,original,2026-05-05,[EMOTION: sarcasm] You get patience oh,negative,0.9999
WZ-T-0394,She sabi how to manage money,She knows how to manage money — sincere compliment,positive,market_energy,pride,casual,no,matched,Genuine praise of financial discipline,money,female,2,original,2026-05-05,[EMOTION: market_energy] She sabi how to manage money,positive,0.9999
WZ-T-0395,She sabi how to manage money oh,"She knows how to manage money — sarcastic, she just made a terrible financial decision",negative,sarcasm,shock,street,yes,matched,Sarcasm after witnessing financial irresponsibility,money,female,3,original,2026-05-05,[EMOTION: sarcasm] She sabi how to manage money oh,negative,0.9999
WZ-T-0397,E no hard,"It is not hard — sarcastic, task is clearly very difficult",negative,forming,hustle_fatigue,street,yes,matched,Deadpan sarcasm about extreme difficulty said with straight face,work,neutral,3,original,2026-05-05,[EMOTION: forming] E no hard,negative,0.8247
WZ-T-0399,E be like say God dey answer your prayer oh,It seems like God is answering your prayer — sarcastic when things are going badly,negative,sarcasm,shock,street,yes,matched,Sarcasm when things are clearly not going well — ironic prayer comment,faith,neutral,2,original,2026-05-05,[EMOTION: sarcasm] E be like say God dey answer your prayer oh,negative,0.9999
WZ-T-0401,You too quiet today oh,"You are very quiet today — sarcastic, person has not stopped talking",negative,sarcasm,anger,street,yes,contradicts,Sarcasm at someone who has been talking nonstop — quiet is the last thing they are,social,neutral,3,original,2026-05-05,[EMOTION: sarcasm] You too quiet today oh,negative,0.9999
WZ-T-0402,You don make am,You have made it — sincere celebration of success,positive,celebration,pride,casual,no,matched,Genuine celebration of someone's breakthrough,work,female,3,original,2026-05-05,[EMOTION: celebration] You don make am,positive,0.9999
WZ-T-0403,You don make am,"You have made it — sarcastic, situation has gotten worse not better",negative,sarcasm,shock,street,yes,contradicts,"Peak sarcasm — things just got significantly worse, not better",work,female,3,original,2026-05-05,[EMOTION: sarcasm] You don make am,negative,0.9999
WZ-T-0405,I know say you go do the right thing,I knew you would do the right thing — sarcastic after betrayal,negative,betrayal,forming,street,yes,matched,Said after someone did exactly the wrong thing — bitter sarcasm,relationship,neutral,3,original,2026-05-05,[EMOTION: betrayal] I know say you go do the right thing,negative,0.9999
WZ-T-0407,E easy na,"It is easy — sarcastic, task is clearly overwhelming",negative,sarcasm,hustle_fatigue,street,yes,matched,Sarcastic minimising of something genuinely difficult — na makes it cutting,work,neutral,3,original,2026-05-05,[EMOTION: sarcasm] E easy na,negative,0.9999
WZ-T-0408,Sorry oh,Sorry oh — genuine apology,neutral,neutral,,casual,no,matched,Sincere apology with emotional weight,relationship,female,2,original,2026-05-05,[EMOTION: neutral] Sorry oh,neutral,0.9999
WZ-T-0409,Sorry oh,"Sorry oh — sarcastic, no real remorse at all",negative,sarcasm,anger,street,yes,contradicts,Hollow apology said with zero sincerity — tone makes it an insult,relationship,female,2,original,2026-05-05,[EMOTION: sarcasm] Sorry oh,negative,0.9997
WZ-T-0411,The price good,"The price is fair — sarcastic, price is outrageously high",negative,sarcasm,market_energy,street,yes,contradicts,Sarcastic agreement with an absurd price — deadpan Lagos market register,money,neutral,3,original,2026-05-05,[EMOTION: sarcasm] The price good,negative,0.9999
WZ-T-0413,Your life sweet oh,Your life is sweet — sarcastic at someone performing happiness online,negative,sarcasm,suspicion,street,yes,contradicts,Sarcasm at performative social media happiness — everyone knows the real story,social,neutral,2,original,2026-05-05,[EMOTION: sarcasm] Your life sweet oh,negative,0.9999
WZ-T-0415,You try oh,You really tried — sarcastic complete failure,negative,sarcasm,hustle_fatigue,street,yes,contradicts,Cutting sarcasm at a failed effort — the too makes it sting more,work,female,2,original,2026-05-05,[EMOTION: sarcasm] You try oh,negative,0.9999
WZ-T-0416,She don comot,She has left — she actually left,negative,shock,betrayal,casual,no,matched,Shock at someone actually leaving — relationship or friendship ending unexpectedly,relationship,female,3,original,2026-05-10,[EMOTION: shock] She don comot,negative,0.9996
WZ-T-0417,He block me,He blocked me,negative,shock,betrayal,casual,no,matched,Shock at being blocked — digital age Nigerian relationship ending,relationship,female,3,original,2026-05-10,[EMOTION: shock] He block me,negative,0.9998
WZ-T-0422,E fall down just like that,It/he just fell down like that,negative,shock,,casual,no,matched,"Shock at sudden collapse — person, deal, or situation",life,neutral,3,original,2026-05-10,[EMOTION: shock] E fall down just like that,negative,0.9996
WZ-T-0424,Na so e just go like that?,He just went like that? — death or sudden departure,negative,shock,betrayal,casual,no,matched,Grief shock at sudden loss of a person — death or permanent departure,life,neutral,3,original,2026-05-10,[EMOTION: shock] Na so e just go like that?,negative,0.9996
WZ-T-0426,This thing shock me die,This thing shocked me badly,negative,shock,,street,no,matched,Intensified shock expression — die used as extreme intensifier,social,female,3,original,2026-05-10,[EMOTION: shock] This thing shock me die,negative,0.9993
WZ-T-0433,I wan make people sabi my name,I want people to know my name,positive,craving,pride,street,no,matched,Craving for recognition and legacy — ambition register,motivation,female,3,original,2026-05-10,[EMOTION: craving] I wan make people sabi my name,positive,0.9998
WZ-T-0434,I dey crave my own success story,I am craving my own success story,positive,craving,hustle_fatigue,casual,no,matched,Longing to have a breakthrough testimony of one's own,work,female,3,original,2026-05-10,[EMOTION: craving] I dey crave my own success story,positive,0.9999
WZ-T-0435,I just wan make God show himself,I just want God to show up for me,positive,craving,prayer_gratitude,casual,no,matched,Spiritual craving for divine intervention — intimate prayer register,faith,female,3,original,2026-05-10,[EMOTION: craving] I just wan make God show himself,positive,0.9999
WZ-T-0436,I wan make mama proud,I want to make my mother proud,positive,craving,pride,casual,no,matched,Craving parental pride — deeply Nigerian filial motivation,life,female,3,original,2026-05-10,[EMOTION: craving] I wan make mama proud,positive,0.9999
WZ-T-0450,Na investment no be spending,It is an investment not spending,positive,market_energy,pride,casual,no,matched,Reframing a purchase as investment — female financial self-justification,money,female,2,original,2026-05-10,[EMOTION: market_energy] Na investment no be spending,positive,0.9999
WZ-T-0457,E no been easy but I finish am,It was not easy but I finished it,positive,celebration,hustle_fatigue,casual,no,matched,Task completion after struggle — female perseverance payoff,work,female,3,original,2026-05-10,[EMOTION: celebration] E no been easy but I finish am,positive,0.9999
WZ-T-0458,I dey grateful for where I dey,I am grateful for where I am,positive,prayer_gratitude,,casual,no,matched,Contentment with current position — gratitude without comparison,life,female,2,original,2026-05-10,[EMOTION: prayer_gratitude] I dey grateful for where I dey,positive,0.9999
WZ-T-0468,E go make sense one day,It will make sense one day,positive,prayer_gratitude,hustle_fatigue,casual,no,matched,Faith that current struggle has future meaning,motivation,female,2,original,2026-05-10,[EMOTION: prayer_gratitude] E go make sense one day,positive,0.9999
WZ-T-0469,I dey go even if dem no clap for me,I am going even if nobody claps for me,positive,pride,hustle_fatigue,street,no,matched,Moving without validation — self-fuelled female ambition,motivation,female,3,original,2026-05-10,[EMOTION: pride] I dey go even if dem no clap for me,positive,0.9999
WZ-T-0477,I no dey hide my joy,I am not hiding my joy,positive,joy,celebration,casual,no,matched,Unashamed happiness — refusing to dim own light,emotion,female,2,original,2026-05-10,[EMOTION: joy] I no dey hide my joy,positive,0.9999
WZ-T-0479,This testimony no be small thing,This testimony is not a small thing,positive,prayer_gratitude,celebration,casual,no,matched,Weight of answered prayer — not taking blessing lightly,faith,female,3,original,2026-05-10,[EMOTION: prayer_gratitude] This testimony no be small thing,positive,0.9999
WZ-T-0480,God dey on time,God is always on time,positive,prayer_gratitude,,casual,no,matched,Affirming divine timing — common Nigerian faith expression,faith,female,2,original,2026-05-10,[EMOTION: prayer_gratitude] God dey on time,positive,0.9991
WZ-T-0485,I dey ready to blow,I am ready to make it big,positive,hustle_energy,pride,street,no,matched,Fired-up energy of someone who feels their moment is coming — confident and activated,motivation,female,4,original,2026-05-17,[EMOTION: hustle_energy] I dey ready to blow,positive,0.9999
WZ-T-0486,"This year na my year, nothing go stop me","This year is my year, nothing will stop me",positive,hustle_energy,pride,casual,no,matched,Declarative hustle energy — statement of intent and unstoppable momentum,motivation,neutral,5,original,2026-05-17,"[EMOTION: hustle_energy] This year na my year, nothing go stop me",positive,0.9999
WZ-T-0487,"I dey build something big, just watch me","I am building something big, just watch me",positive,hustle_energy,pride,casual,no,matched,Confident hustle energy — building with excitement and anticipation of results,work,female,4,original,2026-05-17,"[EMOTION: hustle_energy] I dey build something big, just watch me",positive,0.9999
WZ-T-0488,E dey sweet me to grind like this,I genuinely enjoy grinding like this,positive,hustle_energy,joy,casual,no,matched,"Rare positive relationship with hard work — enjoying the grind, not just enduring it",work,neutral,4,original,2026-05-17,[EMOTION: hustle_energy] E dey sweet me to grind like this,positive,0.9999
WZ-T-0489,My hustle dey pay oh,My hard work is paying off,positive,hustle_energy,celebration,casual,no,matched,Hustle energy expressed as visible results — the grind is working and the person feels it,money,female,4,original,2026-05-17,[EMOTION: hustle_energy] My hustle dey pay oh,positive,0.9999
WZ-T-0490,I no go sleep until I finish this work,I will not sleep until I finish this work,positive,hustle_energy,pride,casual,no,matched,Activated hustle mode — deliberate sacrifice of comfort for the work. Different from hustle_fatigue which is depleted.,work,neutral,4,original,2026-05-17,[EMOTION: hustle_energy] I no go sleep until I finish this work,positive,0.9999
WZ-T-0491,Na this grind go make me great,This grind is what will make me great,positive,hustle_energy,pride,street,no,matched,Purposeful hustle energy — connecting current work to future greatness,motivation,neutral,5,original,2026-05-17,[EMOTION: hustle_energy] Na this grind go make me great,positive,0.9999
WZ-T-0492,"I get ginger today, nothing go slow me down","I have energy and motivation today, nothing will slow me down",positive,hustle_energy,joy,casual,no,matched,Ginger in Lagos Pidgin = motivation and energy. Daily hustle energy when everything feels aligned.,work,female,4,original,2026-05-17,"[EMOTION: hustle_energy] I get ginger today, nothing go slow me down",positive,0.9999
WZ-T-0493,Poverty no go see me again,Poverty will never find me again,positive,hustle_energy,pride,street,no,matched,Defiant hustle energy — grind fuelled by memory of lack. Common declaration in Lagos grind culture.,money,neutral,5,original,2026-05-17,[EMOTION: hustle_energy] Poverty no go see me again,positive,0.9999
WZ-T-0494,"I wan make am before 30, I dey work for am","I want to be successful before 30, I am working toward it",positive,hustle_energy,craving,casual,no,matched,Time-pressured hustle energy — the 30 benchmark is a specific Nigerian youth cultural marker for success,motivation,female,4,original,2026-05-17,"[EMOTION: hustle_energy] I wan make am before 30, I dey work for am",positive,0.9999
WZ-T-0495,E never easy but I no dey give up,It is not easy but I am not giving up,positive,hustle_energy,hustle_fatigue,casual,no,matched,Resilient hustle energy — acknowledges difficulty but maintains forward momentum. Secondary hustle_fatigue shows the cost.,work,neutral,4,original,2026-05-17,[EMOTION: hustle_energy] E never easy but I no dey give up,positive,0.9999
WZ-T-0496,"I dey on my grind, watch how e go turn out","I am grinding hard, watch how it will turn out",positive,hustle_energy,pride,street,no,matched,Confident grind energy — the outcome is anticipated with certainty. Watch me energy.,motivation,female,4,original,2026-05-17,"[EMOTION: hustle_energy] I dey on my grind, watch how e go turn out",positive,0.9999
WZ-T-0497,I no get time for this kind person,I have no time for this kind of person,negative,contempt,suspicion,casual,no,matched,Cold contempt — dismissal without anger. The person is beneath the speaker's engagement.,relationship,female,3,original,2026-05-17,[EMOTION: contempt] I no get time for this kind person,negative,0.9998
WZ-T-0498,E no reach my level abeg,"He/she has not reached my level, please",negative,contempt,pride,street,no,matched,Contempt expressed as superiority — the other person is not worth direct engagement because they are on a lower level,social,neutral,3,original,2026-05-17,[EMOTION: contempt] E no reach my level abeg,negative,0.9996
WZ-T-0499,Who be you sef?,Who are you even?,negative,contempt,anger,street,no,matched,Sharp contempt question — sef amplifies the dismissiveness. Questions the person's worth or authority.,conflict,neutral,4,original,2026-05-17,[EMOTION: contempt] Who be you sef?,negative,0.9998
WZ-T-0500,I no send am at all at all,I do not care about him/her at all,negative,contempt,neutral,casual,no,matched,I no send = I do not care/regard. At all at all is Pidgin intensifier for absolute dismissal. Total contempt through indifference.,relationship,female,4,original,2026-05-17,[EMOTION: contempt] I no send am at all at all,negative,0.9999
WZ-T-0501,Who be you sef,Who exactly are you,negative,contempt,,street,no,contradicts,Cold rhetorical dismissal — not a genuine question,social,neutral,4,original,2026-05-26,[EMOTION: contempt] Who be you sef,negative,0.9997
WZ-T-0502,I no send you,I don't care about you at all,negative,contempt,,casual,no,matched,Complete indifference to the person's existence,social,neutral,4,original,2026-05-26,[EMOTION: contempt] I no send you,negative,0.9999
WZ-T-0503,You no reach my level,You haven't reached my level,negative,contempt,,street,no,matched,Direct assertion of superiority — icy not angry,social,neutral,4,original,2026-05-26,[EMOTION: contempt] You no reach my level,negative,0.9998
WZ-T-0504,E no concern me,It doesn't concern me,negative,contempt,,casual,no,matched,Complete dismissal of responsibility or interest,social,neutral,3,original,2026-05-26,[EMOTION: contempt] E no concern me,negative,0.9999
WZ-T-0505,You too small for this,You are too insignificant for this,negative,contempt,,street,no,matched,Dismissing someone as beneath the matter at hand,social,neutral,4,original,2026-05-26,[EMOTION: contempt] You too small for this,negative,0.9999
WZ-T-0506,I no dey talk to you,I am not talking to you,negative,contempt,,casual,no,matched,Withdrawal of engagement — cold not angry,social,neutral,3,original,2026-05-26,[EMOTION: contempt] I no dey talk to you,negative,0.9998
WZ-T-0507,Your matter no concern me at all at all,Your issue doesn't concern me whatsoever,negative,contempt,,street,no,matched,Emphatic double intensifier signals total dismissal,social,neutral,5,original,2026-05-26,[EMOTION: contempt] Your matter no concern me at all at all,negative,0.9999
WZ-T-0508,You too dey form,You are trying too hard to impress,negative,contempt,,street,no,matched,Dismissing someone as performative and transparent,social,neutral,3,original,2026-05-26,[EMOTION: contempt] You too dey form,negative,0.9998
WZ-T-0509,I no send am one bit,I don't care about him/her at all,negative,contempt,,casual,no,matched,One bit intensifies the total indifference,social,neutral,4,original,2026-05-26,[EMOTION: contempt] I no send am one bit,negative,0.9999
WZ-T-0510,You think say na you i dey do this for,You think I am doing this for you,negative,contempt,,street,no,matched,Rhetorical — asserting total independence from the listener,social,neutral,4,original,2026-05-26,[EMOTION: contempt] You think say na you i dey do this for,negative,0.9999
WZ-T-0511,I no dey,I am not affected — performing detachment,neutral,forming,,casual,no,contradicts,Speaker is very much present but performing absence,social,neutral,3,original,2026-05-26,[EMOTION: forming] I no dey,negative,0.9997
WZ-T-0512,Na me know myself,I know myself — performing self-sufficiency,neutral,forming,,casual,no,contradicts,Classic forming phrase — asserting independence while craving connection,social,neutral,3,original,2026-05-26,[EMOTION: forming] Na me know myself,negative,0.9993
WZ-T-0514,I no care wetin them do,I don't care what they do — performing indifference,neutral,forming,,casual,no,contradicts,The explicit claim of not caring signals the speaker cares deeply,social,neutral,3,original,2026-05-26,[EMOTION: forming] I no care wetin them do,negative,0.9995
WZ-T-0515,E no do anything to me,It didn't affect me — performing toughness,neutral,forming,,casual,no,contradicts,Asserting emotional immunity — classic forming after hurt,emotion,neutral,3,original,2026-05-26,[EMOTION: forming] E no do anything to me,negative,0.9998
WZ-T-0516,Me I don move on,I have moved on — performing closure,neutral,forming,,casual,no,contradicts,Performance of moving on — often delivered too quickly to be genuine,relationship,female,3,original,2026-05-26,[EMOTION: forming] Me I don move on,neutral,0.9948
WZ-T-0517,I no send the whole thing,I don't care about any of it,neutral,forming,,street,no,contradicts,Wholesale dismissal that is too complete to be genuine,social,neutral,3,original,2026-05-26,[EMOTION: forming] I no send the whole thing,negative,0.9999
WZ-T-0520,Nothing go stop me this year,Nothing will stop me this year,positive,hustle_energy,,street,no,matched,Defiant declaration of unstoppable ambition,motivation,neutral,4,original,2026-05-26,[EMOTION: hustle_energy] Nothing go stop me this year,positive,0.9999
WZ-T-0522,My time don reach,My time has come,positive,hustle_energy,,street,no,matched,Declaration that the speaker's breakthrough moment has arrived,motivation,neutral,4,original,2026-05-26,[EMOTION: hustle_energy] My time don reach,positive,0.9999
WZ-T-0523,I wan blow before thirty,I want to make it before thirty,positive,hustle_energy,,street,no,matched,The Lagos before-30 urgency script — specific cultural timeline pressure,motivation,neutral,4,original,2026-05-26,[EMOTION: hustle_energy] I wan blow before thirty,positive,0.9999
WZ-T-0525,My body no dey again oh,My body is not cooperating anymore,negative,hustle_fatigue,neutral,casual,no,matched,Physical depletion — body failing to respond to demands,health,female,4,original,2026-05-26,[EMOTION: hustle_fatigue] My body no dey again oh,negative,0.9995
WZ-T-0526,E dey pain me well well,It is paining me very much,negative,anger,neutral,casual,no,matched,Intense physical pain with frustration,health,female,4,original,2026-05-26,[EMOTION: anger] E dey pain me well well,negative,0.9999
WZ-T-0527,God don heal me,God has healed me,positive,prayer_gratitude,joy,casual,no,matched,Testimony of divine healing — patient considers themselves recovered,health,female,5,original,2026-05-26,[EMOTION: prayer_gratitude] God don heal me,positive,0.9997
WZ-T-0528,I no fit stand up,I cannot stand up,negative,hustle_fatigue,neutral,casual,no,matched,Physical incapacitation — serious symptom signal,health,female,4,original,2026-05-26,[EMOTION: hustle_fatigue] I no fit stand up,negative,0.9982
WZ-T-0529,My head dey pain me die,My head is paining me extremely,negative,shock,anger,street,no,matched,Severe headache with hyperbolic intensifier — die means extremely,health,neutral,4,original,2026-05-26,[EMOTION: shock] My head dey pain me die,negative,0.9998
WZ-T-0530,I don tire for this sickness,I am tired of this illness,negative,hustle_fatigue,betrayal,casual,no,matched,Chronic illness fatigue — patient exhausted by ongoing condition,health,female,4,original,2026-05-26,[EMOTION: hustle_fatigue] I don tire for this sickness,negative,0.9963
WZ-T-0531,Make God touch this my body,Let God touch this my body,positive,prayer_gratitude,craving,casual,no,matched,Prayer for healing — appealing to divine intervention for physical condition,health,female,4,original,2026-05-26,[EMOTION: prayer_gratitude] Make God touch this my body,positive,0.9999
WZ-T-0532,I no even know wetin dey do me,I do not even know what is wrong with me,negative,suspicion,neutral,casual,no,matched,Diagnostic uncertainty — patient aware something is wrong but cannot identify it,health,female,3,original,2026-05-26,[EMOTION: suspicion] I no even know wetin dey do me,negative,0.9994
WZ-T-0533,This cough no wan leave me,This cough does not want to leave me,negative,hustle_fatigue,suspicion,casual,no,matched,Persistent symptom personified — cough treated as an unwilling presence,health,neutral,3,original,2026-05-26,[EMOTION: hustle_fatigue] This cough no wan leave me,negative,0.9986
WZ-T-0534,My pikin dey run temperature,My child has a fever,negative,shock,neutral,casual,no,matched,Maternal health concern — fever in child reported with urgency,health,female,4,original,2026-05-26,[EMOTION: shock] My pikin dey run temperature,negative,0.9999
WZ-T-0535,I been think say I go die,I thought I was going to die,negative,shock,prayer_gratitude,casual,no,matched,Near-death experience reported retrospectively — hyperbole common in Nigerian health narratives,health,female,4,original,2026-05-26,[EMOTION: shock] I been think say I go die,negative,0.9997
WZ-T-0536,My belle dey do me somehow,My stomach is doing something strange,negative,suspicion,neutral,casual,no,matched,Abdominal discomfort described vaguely — common way to describe multiple conditions,health,female,3,original,2026-05-26,[EMOTION: suspicion] My belle dey do me somehow,negative,0.9993
WZ-T-0538,Blood pressure don high,Blood pressure has gone high,negative,shock,neutral,casual,no,matched,Hypertension self-report — common in Nigerian adult health conversations,health,neutral,4,original,2026-05-26,[EMOTION: shock] Blood pressure don high,negative,0.9997
WZ-T-0540,I never deliver,I have not yet delivered the baby,neutral,craving,neutral,casual,no,matched,Maternal health — expectant mother reporting pre-delivery status,health,female,3,original,2026-05-26,[EMOTION: craving] I never deliver,positive,0.9991
WZ-T-0543,E be like say the malaria don come back,It seems like the malaria has returned,negative,suspicion,shock,casual,no,matched,Malaria recurrence recognition — common Nigerian health experience,health,neutral,3,original,2026-05-26,[EMOTION: suspicion] E be like say the malaria don come back,negative,0.998
WZ-T-0545,The wound no dey heal,The wound is not healing,negative,suspicion,anger,casual,no,matched,Wound healing concern — clinical signal for potential infection or diabetes,health,neutral,3,original,2026-05-26,[EMOTION: suspicion] The wound no dey heal,negative,0.9999
WZ-T-0546,I don vomit three times this morning,I vomited three times this morning,negative,shock,neutral,casual,no,matched,Acute symptom report with specific count — clinical detail,health,female,4,original,2026-05-26,[EMOTION: shock] I don vomit three times this morning,negative,0.9998
WZ-T-0548,I no remember to take my drug yesterday,I forgot to take my medication yesterday,neutral,neutral,neutral,casual,no,matched,Medication non-compliance admission — important clinical context,health,neutral,2,original,2026-05-26,[EMOTION: neutral] I no remember to take my drug yesterday,neutral,0.999
WZ-T-0549,This hospital wahala too much,This hospital stress is too much,negative,hustle_fatigue,anger,street,no,matched,Healthcare system frustration — wahala means stress and trouble,health,neutral,4,original,2026-05-26,[EMOTION: hustle_fatigue] This hospital wahala too much,negative,0.9969
WZ-T-0550,Since I born this pikin my body never be the same,Since I gave birth my body has never been the same,negative,hustle_fatigue,betrayal,casual,no,matched,Postpartum body change — maternal health statement with resignation,health,female,4,original,2026-05-26,[EMOTION: hustle_fatigue] Since I born this pikin my body never be the same,negative,0.9948
